id_device,id_user,device_type,device_brand,device_model
7,2772,1,11,1
29,3004,1,0,0
63,3954,1,11,14
149,1262,1,0,0
160,3189,1,0,0
210,1412,1,0,0
241,971,1,6,18
257,2195,1,10,8
265,3295,1,0,0
292,2783,1,0,0
306,1141,1,0,0
319,2219,1,12,13
325,2842,1,7,15
331,2160,1,6,23
356,2173,1,0,0
390,708,1,0,0
423,3764,1,0,0
426,341,1,0,0
471,1580,1,4,1
480,3951,1,0,0
492,686,1,1,4
499,1383,1,4,8
520,537,1,0,0
576,3296,1,0,0
615,871,1,1,18
667,487,1,4,10
676,2196,1,7,5
677,290,1,3,8
707,2733,1,0,0
740,3823,1,4,3
780,1402,1,10,20
785,3062,1,2,8
789,3292,1,4,16
797,3010,1,1,2
811,874,1,2,4
817,46,1,6,4
825,1841,1,9,6
838,2282,1,5,4
847,2627,1,3,6
862,2926,1,12,21
876,119,1,11,5
879,162,1,11,8
880,2256,1,4,24
887,1710,1,12,14
899,2664,1,12,7
918,1964,1,0,0
936,3806,1,0,0
953,658,1,2,15
970,3540,1,2,13
977,1926,1,0,0
988,3505,1,10,19
994,721,1,3,13
999,3757,1,0,0
1017,3934,1,0,0
1042,1772,1,12,23
1047,2792,1,5,4
1048,1894,1,0,0
1059,3162,1,0,0
1062,2867,1,7,13
1066,737,1,7,15
1078,1260,1,12,11
1124,702,1,6,18
1132,1405,1,9,19
1138,3681,1,0,0
1152,2964,1,5,10
1161,1946,1,0,0
1179,1185,1,4,22
1186,3418,1,6,10
1377,1931,1,0,0
1398,690,1,9,24
1408,1656,1,9,11
1422,3535,1,1,17
1444,3265,1,9,19
1468,2599,1,0,0
1488,2645,1,2,13
1527,2171,1,0,0
1537,1503,1,0,0
1542,3076,1,5,24
1547,282,1,9,24
1548,3254,1,6,15
1558,2527,1,11,19
1563,2708,1,1,6
1567,1838,1,10,18
1580,381,1,11,24
1602,1979,1,5,13
1606,3443,1,0,0
1626,1163,1,0,0
1641,3203,1,0,0
1650,1481,1,2,10
1682,2969,1,6,21
1729,3299,1,8,16
1740,3820,1,11,24
1750,1125,1,3,12
1754,1505,1,0,0
1832,2342,1,7,13
1835,1005,1,0,0
1855,3491,1,0,0
1905,3168,1,0,0
1910,1904,1,6,10
1923,3852,1,3,14
1931,1792,1,11,21
1950,2156,1,0,0
1973,1393,1,12,9
2018,3961,1,6,6
2019,459,1,5,15
2023,2835,1,9,23
2045,3600,1,12,5
2114,3717,1,3,1
2142,100,1,0,0
2197,3124,1,3,5
2205,3174,1,1,14
2208,3372,1,11,2
2228,1078,1,2,24
2273,3613,1,6,9
2281,2847,1,0,0
2311,3204,1,4,5
2329,3196,1,9,15
2330,1618,1,5,1
2338,1468,1,0,0
2342,578,1,0,0
2377,81,1,9,22
2394,2658,1,0,0
2402,75,1,0,0
2410,3661,1,0,0
2412,752,1,0,0
2429,3454,1,0,0
2432,3210,1,12,21
2437,3242,1,12,22
2456,3836,1,0,0
2457,2304,1,10,9
2485,208,1,0,0
2493,2543,1,0,0
2535,1043,1,0,0
2573,236,1,0,0
2578,2533,1,9,8
2601,2032,1,3,22
2626,1323,1,0,0
2634,1002,1,12,21
2644,28,1,5,10
2667,2609,1,9,5
2766,1717,1,12,11
2774,314,1,7,13
2811,1448,1,4,14
2832,2485,1,1,4
2847,3430,1,0,0
2856,2753,1,11,16
2862,3317,1,5,3
2865,3892,1,8,9
2881,1357,1,0,0
2903,607,1,11,20
2909,1329,1,0,0
2920,2120,1,10,9
2952,1655,1,0,0
2959,62,1,5,2
3033,1190,1,0,0
3074,273,1,0,0
3082,3398,1,12,24
3092,2263,1,8,1
3095,1389,1,6,12
3174,1930,1,5,4
3197,3366,1,5,3
3209,981,1,3,19
3226,2213,1,11,21
3228,2178,1,11,13
3243,3688,1,0,0
3248,559,1,3,19
3249,343,1,1,5
3251,3423,1,1,19
3268,1333,1,10,10
3282,3400,1,2,24
3311,497,1,8,5
3321,3854,1,8,6
3395,2291,1,0,0
3399,3947,1,10,6
3419,1881,1,0,0
3441,153,1,0,0
3456,3977,1,3,15
3490,1072,1,9,19
3497,16,1,11,11
3501,3255,1,3,9
3510,1738,1,10,24
3525,2394,1,12,19
3529,2726,1,6,15
3561,1573,1,4,24
3585,3051,1,0,0
3607,3320,1,6,1
3677,1964,2,4,18
3686,1717,2,7,5
3704,708,2,9,21
3727,1656,2,5,8
3733,1881,2,9,15
3790,3951,2,12,10
3814,2213,2,0,0
3833,2156,2,11,8
3846,2708,2,2,20
3870,46,2,0,0
3878,3681,2,6,18
3889,3203,2,2,22
3890,1260,2,3,18
3978,381,2,0,0
3997,3010,2,12,1
4037,3806,2,11,18
4077,3934,2,10,7
4112,459,2,4,4
4132,2591,2,5,5
4188,1078,2,5,1
4214,3366,2,8,13
4222,1792,2,0,0
4225,1402,2,11,24
4233,2772,2,7,24
4276,3299,2,5,6
4282,1405,2,9,12
4317,2847,2,3,12
4319,2783,2,5,6
4338,2219,2,9,24
4358,1655,2,12,7
4428,3418,2,9,6
4453,1393,2,9,6
4468,2195,2,9,20
4471,1946,2,11,6
4472,2394,2,10,7
4492,3805,2,0,0
4496,1412,2,4,24
4548,2842,2,3,6
4559,2533,2,10,18
4563,1072,2,0,0
4595,2579,2,10,7
4610,2733,2,6,18
4616,3600,2,1,16
4628,3254,2,0,0
4635,1772,2,9,14
4636,3491,2,6,10
4669,2969,2,0,0
4688,1002,2,11,17
4690,1505,2,2,15
4743,3423,2,6,20
4746,3954,2,12,4
4779,3372,2,6,20
4802,2291,2,8,17
4821,2599,2,11,3
4850,3320,2,11,21
4865,1185,2,1,6
4898,3168,2,5,24
4932,81,2,9,1
4941,75,2,5,1
4978,2160,2,4,21
5074,3854,2,11,19
5097,3717,2,8,15
5103,1481,2,1,5
5124,3505,2,10,11
5131,2543,2,3,15
5134,1838,2,6,11
5157,282,2,9,3
5194,2263,2,1,5
5254,3204,2,6,15
5289,2120,2,0,0
5295,3823,2,12,4
5345,3892,2,0,0
5362,1190,2,11,13
5400,3961,2,8,14
5415,1005,2,9,18
5423,2527,2,8,5
5436,236,2,7,9
5439,1503,2,9,18
5468,3661,2,4,16
5528,1904,2,6,16
5577,341,2,1,12
5586,2664,2,0,0
5591,290,2,0,0
5596,1894,2,10,3
5618,1508,2,6,5
5625,981,2,5,13
5650,3977,2,2,17
5671,1979,2,10,14
5705,3820,2,0,0
5708,578,2,6,19
5778,3174,2,0,0
5793,28,2,0,0
5812,314,2,4,24
5814,153,2,8,9
5822,3688,2,12,13
5824,3398,2,0,0
7448,1503,4,4,13
7482,752,4,1,24
7537,1656,4,0,0
7549,3211,4,8,6
7561,3004,4,11,4
7571,2599,4,4,13
7591,2926,4,0,0
7614,2867,4,7,10
7652,1573,4,11,12
7655,3820,4,3,16
7667,2658,4,2,8
7683,871,4,3,23
7730,3366,4,12,10
7802,3681,4,11,22
7840,2664,4,10,15
7843,3210,4,7,14
7847,1655,4,11,20
7869,1393,4,0,0
7870,1931,4,12,19
7877,3320,4,9,2
7892,2304,4,12,9
7897,2160,4,0,0
7922,981,4,0,0
7935,1926,4,11,5
7955,1383,4,2,17
7974,236,4,2,23
7988,153,4,7,17
8020,1072,4,11,21
8039,1185,4,0,0
8050,1792,4,5,17
8092,1043,4,5,2
8101,2645,4,11,19
8111,2533,4,8,19
8118,3836,4,8,11
8178,3317,4,2,12
8214,1772,4,0,0
8228,1405,4,0,0
8254,3430,4,9,18
8279,2708,4,9,12
8285,1190,4,5,12
8302,2394,4,0,0
15361,0,10,1,1
15362,0,10,1,1
15366,0,14,1,1
15369,0,14,1,1
15372,0,14,1,1
15373,0,14,1,1
15374,0,14,1,1
15377,0,14,1,1
15378,0,14,1,1
15380,0,14,1,1
15382,0,14,1,1
15384,0,14,1,1
15386,0,14,1,1
15387,0,14,1,1
15388,0,14,1,1
15390,0,14,1,1
15391,0,14,1,1
15393,0,14,1,1
15395,0,14,1,1
15396,0,14,1,1
15397,0,14,1,1
15399,0,14,1,1
15402,0,14,1,1
15403,0,14,1,1
15404,0,14,1,1
15405,0,14,1,1
15409,0,14,1,1
15410,0,14,1,1
15449,0,14,1,1
15462,0,14,1,1
15466,0,14,1,1
15514,0,14,1,1
15516,0,14,1,1
15517,0,14,1,1
15519,0,14,1,1
15521,0,14,1,1
15525,0,14,1,1
15526,0,14,1,1
15527,0,14,1,1
15528,0,14,1,1
15533,0,14,1,1
15541,0,14,1,1
15542,0,14,1,1
15543,0,14,1,1
15553,0,10,1,1
15558,0,14,1,1
15566,0,14,1,1
15599,0,14,1,1
15602,0,14,1,1
15604,0,14,1,1
15610,0,14,1,1
15611,0,14,1,1
15612,0,14,1,1
15614,0,14,1,1
15616,0,14,1,1
15617,0,14,1,1
15901,0,14,1,1
15902,0,10,1,1
15903,0,10,1,1
15905,0,14,1,1
15907,0,14,1,1
15969,0,14,1,1
16000,0,9,1,1
16007,0,9,1,1
16016,0,9,1,1
16027,0,9,1,1
16035,0,9,1,1
16043,0,9,1,1
16044,0,9,1,1
16067,0,11,1,1
16068,0,11,1,1
16069,0,11,1,1
16070,0,11,1,1
16071,0,11,1,1
16072,0,11,1,1
16073,0,11,1,1
16074,0,11,1,1
16078,0,11,1,1
16079,0,11,1,1
16080,0,11,1,1
16096,0,11,1,1
16097,0,11,1,1
16098,0,11,1,1
16099,0,11,1,1
16100,0,11,1,1
16101,0,11,1,1
16142,0,11,1,1
16143,0,11,1,1
16144,0,11,1,1
16145,0,11,1,1
16146,0,11,1,1
16161,0,11,1,1
16170,0,11,1,1
16171,0,11,1,1
16172,0,11,1,1
16173,0,11,1,1
16174,0,11,1,1
16175,0,11,1,1
16176,0,11,1,1
16177,0,11,1,1
16178,0,11,1,1
16179,0,11,1,1
16180,0,11,1,1
16181,0,11,1,1
16182,0,11,1,1
16183,0,11,1,1
16184,0,11,1,1
